<?xml version="1.0" encoding="UTF-8"?>
<project-private xmlns="http://www.netbeans.org/ns/project-private/1">
    <editor-bookmarks xmlns="http://www.netbeans.org/ns/editor-bookmarks/2" lastBookmarkId="0"/>
    <open-files xmlns="http://www.netbeans.org/ns/projectui-open-files/2">
        <group>
            <file>file:/C:/COURSES/2021%20Autumn/213/Complete%20File%20Handling%20(read,%20write,%20append)/src/mainpkg/AppendableObjectOutputStream.java</file>
            <file>file:/C:/COURSES/2021%20Autumn/213/Complete%20File%20Handling%20(read,%20write,%20append)/src/mainpkg/MainApplication.java</file>
            <file>file:/C:/COURSES/2021%20Autumn/213/Complete%20File%20Handling%20(read,%20write,%20append)/src/mainpkg/MainFXMLController.java</file>
            <file>file:/C:/COURSES/2021%20Autumn/213/Complete%20File%20Handling%20(read,%20write,%20append)/src/mainpkg/Employee.java</file>
        </group>
    </open-files>
</project-private>
