<?xml version="1.0" encoding="UTF-8"?>
<project-private xmlns="http://www.netbeans.org/ns/project-private/1">
    <editor-bookmarks xmlns="http://www.netbeans.org/ns/editor-bookmarks/2" lastBookmarkId="0"/>
    <open-files xmlns="http://www.netbeans.org/ns/projectui-open-files/2">
        <group>
            <file>file:/G:/COURSES/2021%20Autumn/213/NetBeansProjects/2021-11-14%20--%20FXML%20Basics%20(Sec-1)%20-%20Copy/2021-11-21%20--%20FXML%20Basics%20(Sec-1)/src/modelclasses/Student.java</file>
            <file>file:/G:/COURSES/2021%20Autumn/213/NetBeansProjects/2021-11-14%20--%20FXML%20Basics%20(Sec-1)%20-%20Copy/2021-11-21%20--%20FXML%20Basics%20(Sec-1)/src/mainpkg/FileHandlingDemoSceneController.java</file>
            <file>file:/G:/COURSES/2021%20Autumn/213/NetBeansProjects/2021-11-14%20--%20FXML%20Basics%20(Sec-1)%20-%20Copy/2021-11-21%20--%20FXML%20Basics%20(Sec-1)/src/mainpkg/MainApplication.java</file>
            <file>file:/G:/COURSES/2021%20Autumn/213/NetBeansProjects/2021-11-14%20--%20FXML%20Basics%20(Sec-1)%20-%20Copy/2021-11-21%20--%20FXML%20Basics%20(Sec-1)/src/mainpkg/FileHandlingDemoScene.fxml</file>
        </group>
    </open-files>
</project-private>
