<?xml version="1.0" encoding="UTF-8"?>
<project-private xmlns="http://www.netbeans.org/ns/project-private/1">
    <editor-bookmarks xmlns="http://www.netbeans.org/ns/editor-bookmarks/2" lastBookmarkId="0"/>
    <open-files xmlns="http://www.netbeans.org/ns/projectui-open-files/2">
        <group>
            <file>file:/C:/COURSES/2021%20Summer/CSE213/NetBeans%20Projects/FXML%20Charts/src/lastfxmlapplication/UI1Controller.java</file>
            <file>file:/C:/COURSES/2021%20Summer/CSE213/NetBeans%20Projects/FXML%20Charts/src/lastfxmlapplication/ApplicationClass.java</file>
            <file>file:/C:/COURSES/2021%20Summer/CSE213/NetBeans%20Projects/FXML%20Charts/src/lastfxmlapplication/FXMLDocument.fxml</file>
            <file>file:/C:/COURSES/2021%20Summer/CSE213/NetBeans%20Projects/FXML%20Charts/src/lastfxmlapplication/UI3Controller.java</file>
            <file>file:/C:/COURSES/2021%20Summer/CSE213/NetBeans%20Projects/FXML%20Charts/src/lastfxmlapplication/FXMLDocumentController.java</file>
            <file>file:/C:/COURSES/2021%20Summer/CSE213/NetBeans%20Projects/FXML%20Charts/src/lastfxmlapplication/UI2Controller.java</file>
        </group>
    </open-files>
</project-private>
