<?xml version="1.0" encoding="UTF-8"?>
<project-private xmlns="http://www.netbeans.org/ns/project-private/1">
    <editor-bookmarks xmlns="http://www.netbeans.org/ns/editor-bookmarks/2" lastBookmarkId="0"/>
    <open-files xmlns="http://www.netbeans.org/ns/projectui-open-files/2">
        <group>
            <file>file:/C:/COURSES/2021%20Autumn/213/NetBeansProjects/Java%20FXML%20for%20Table,%20CB,%20RB,%20Menu,%20Scene&amp;StageChange/src/fxmlapplicationpkg/Person.java</file>
            <file>file:/C:/COURSES/2021%20Autumn/213/NetBeansProjects/Java%20FXML%20for%20Table,%20CB,%20RB,%20Menu,%20Scene&amp;StageChange/src/fxmlapplicationpkg/DummyTableViewSceneForSec3Controller.java</file>
            <file>file:/C:/COURSES/2021%20Autumn/213/NetBeansProjects/Java%20FXML%20for%20Table,%20CB,%20RB,%20Menu,%20Scene&amp;StageChange/src/fxmlapplicationpkg/FXMLMainSceneController.java</file>
        </group>
    </open-files>
</project-private>
