<?xml version="1.0" encoding="UTF-8"?>
<project-private xmlns="http://www.netbeans.org/ns/project-private/1">
    <editor-bookmarks xmlns="http://www.netbeans.org/ns/editor-bookmarks/2" lastBookmarkId="0"/>
    <open-files xmlns="http://www.netbeans.org/ns/projectui-open-files/2">
        <group>
            <file>file:/C:/COURSES/2021%20Autumn/213/2021-11-07%20--%20Abstract%20class,%20multiple%20inheritance,%20polimorphism%20(Sec-1)/src/utilities/MyRandom.java</file>
            <file>file:/C:/COURSES/2021%20Autumn/213/2021-11-07%20--%20Abstract%20class,%20multiple%20inheritance,%20polimorphism%20(Sec-1)/src/users/Employee.java</file>
            <file>file:/C:/COURSES/2021%20Autumn/213/2021-11-07%20--%20Abstract%20class,%20multiple%20inheritance,%20polimorphism%20(Sec-1)/src/resources/Weapon.java</file>
            <file>file:/C:/COURSES/2021%20Autumn/213/2021-11-07%20--%20Abstract%20class,%20multiple%20inheritance,%20polimorphism%20(Sec-1)/src/myinterfaces/Insurable.java</file>
            <file>file:/C:/COURSES/2021%20Autumn/213/2021-11-07%20--%20Abstract%20class,%20multiple%20inheritance,%20polimorphism%20(Sec-1)/src/resources/Granade.java</file>
            <file>file:/C:/COURSES/2021%20Autumn/213/2021-11-07%20--%20Abstract%20class,%20multiple%20inheritance,%20polimorphism%20(Sec-1)/src/myinterfaces/Taxable.java</file>
            <file>file:/C:/COURSES/2021%20Autumn/213/2021-11-07%20--%20Abstract%20class,%20multiple%20inheritance,%20polimorphism%20(Sec-1)/src/resources/Pistol.java</file>
            <file>file:/C:/COURSES/2021%20Autumn/213/2021-11-07%20--%20Abstract%20class,%20multiple%20inheritance,%20polimorphism%20(Sec-1)/src/resources/Sword.java</file>
            <file>file:/C:/COURSES/2021%20Autumn/213/2021-11-07%20--%20Abstract%20class,%20multiple%20inheritance,%20polimorphism%20(Sec-1)/src/resources/CollectedResource.java</file>
            <file>file:/C:/COURSES/2021%20Autumn/213/2021-11-07%20--%20Abstract%20class,%20multiple%20inheritance,%20polimorphism%20(Sec-1)/src/users/Person.java</file>
            <file>file:/C:/COURSES/2021%20Autumn/213/2021-11-07%20--%20Abstract%20class,%20multiple%20inheritance,%20polimorphism%20(Sec-1)/src/mainpkg/MainClass.java</file>
            <file>file:/C:/COURSES/2021%20Autumn/213/2021-11-07%20--%20Abstract%20class,%20multiple%20inheritance,%20polimorphism%20(Sec-1)/src/utilities/MyScanner.java</file>
            <file>file:/C:/COURSES/2021%20Autumn/213/2021-11-07%20--%20Abstract%20class,%20multiple%20inheritance,%20polimorphism%20(Sec-1)/src/users/Student.java</file>
        </group>
    </open-files>
</project-private>
