<?xml version="1.0" encoding="UTF-8"?>
<project-private xmlns="http://www.netbeans.org/ns/project-private/1">
    <editor-bookmarks xmlns="http://www.netbeans.org/ns/editor-bookmarks/2" lastBookmarkId="0"/>
    <open-files xmlns="http://www.netbeans.org/ns/projectui-open-files/2">
        <group>
            <file>file:/D:/University/CSE%20213%20(OOP)/Project/FXML%20Project/Textile%20Factory/src/ClassesUsed/User.java</file>
            <file>file:/D:/University/CSE%20213%20(OOP)/Project/FXML%20Project/Textile%20Factory/src/textile/factory/LoginUIController.java</file>
            <file>file:/D:/University/CSE%20213%20(OOP)/Project/FXML%20Project/Textile%20Factory/src/textile/factory/TextileFactory.java</file>
            <file>file:/D:/University/CSE%20213%20(OOP)/Project/FXML%20Project/Textile%20Factory/src/textile/factory/SupervisorController.java</file>
            <file>file:/D:/University/CSE%20213%20(OOP)/Project/FXML%20Project/Textile%20Factory/src/textile/factory/SuppliersController.java</file>
            <file>file:/D:/University/CSE%20213%20(OOP)/Project/FXML%20Project/Textile%20Factory/src/textile/factory/FactoryManagerController.java</file>
            <file>file:/D:/University/CSE%20213%20(OOP)/Project/FXML%20Project/Textile%20Factory/src/ClassesUsed/Logout.java</file>
            <file>file:/D:/University/CSE%20213%20(OOP)/Project/FXML%20Project/Textile%20Factory/src/textile/factory/GovernmentRegulatorController.java</file>
            <file>file:/D:/University/CSE%20213%20(OOP)/Project/FXML%20Project/Textile%20Factory/src/textile/factory/ForgetPasswordUIController.java</file>
            <file>file:/D:/University/CSE%20213%20(OOP)/Project/FXML%20Project/Textile%20Factory/src/ClassesUsed/FactoryManager.java</file>
            <file>file:/D:/University/CSE%20213%20(OOP)/Project/FXML%20Project/Textile%20Factory/src/textile/factory/ClientController.java</file>
            <file>file:/D:/University/CSE%20213%20(OOP)/Project/FXML%20Project/Textile%20Factory/src/textile/factory/ManagingDirectorController.java</file>
        </group>
    </open-files>
</project-private>
