<?xml version="1.0" encoding="UTF-8"?>
<project-private xmlns="http://www.netbeans.org/ns/project-private/1">
    <editor-bookmarks xmlns="http://www.netbeans.org/ns/editor-bookmarks/2" lastBookmarkId="0"/>
    <open-files xmlns="http://www.netbeans.org/ns/projectui-open-files/2">
        <group>
            <file>file:/G:/COURSES/2021%20Autumn/213/NetBeansProjects/2021-10-31%20--%20JavaInheritance%20(Sec-1)/src/users/Person.java</file>
            <file>file:/G:/COURSES/2021%20Autumn/213/NetBeansProjects/2021-10-31%20--%20JavaInheritance%20(Sec-1)/src/mainpkg/MainClass.java</file>
            <file>file:/G:/COURSES/2021%20Autumn/213/NetBeansProjects/2021-10-31%20--%20JavaInheritance%20(Sec-1)/src/users/Student.java</file>
        </group>
    </open-files>
</project-private>
