<?xml version="1.0" encoding="UTF-8"?>
<project-private xmlns="http://www.netbeans.org/ns/project-private/1">
    <editor-bookmarks xmlns="http://www.netbeans.org/ns/editor-bookmarks/2" lastBookmarkId="0"/>
    <open-files xmlns="http://www.netbeans.org/ns/projectui-open-files/2">
        <group>
            <file>file:/C:/Users/ASUS/Downloads/CSE213_FinalFolder_3_1910040_park/Simulating_Operations_Of_NationalParkManagement/src/mainpkg/WorkingHourSceneController.java</file>
            <file>file:/C:/Users/ASUS/Downloads/CSE213_FinalFolder_3_1910040_park/Simulating_Operations_Of_NationalParkManagement/src/mainpkg/TouristDashboardController.java</file>
            <file>file:/C:/Users/ASUS/Downloads/CSE213_FinalFolder_3_1910040_park/Simulating_Operations_Of_NationalParkManagement/src/mainpkg/TicketPaymentSceneController.java</file>
            <file>file:/C:/Users/ASUS/Downloads/CSE213_FinalFolder_3_1910040_park/Simulating_Operations_Of_NationalParkManagement/src/mainpkg/Supervisor.java</file>
            <file>file:/C:/Users/ASUS/Downloads/CSE213_FinalFolder_3_1910040_park/Simulating_Operations_Of_NationalParkManagement/src/mainpkg/SupervisorDashboardController.java</file>
            <file>file:/C:/Users/ASUS/Downloads/CSE213_FinalFolder_3_1910040_park/Simulating_Operations_Of_NationalParkManagement/src/mainpkg/MakePaymentSceneController.java</file>
        </group>
    </open-files>
</project-private>
